{
  "project": {
    "uid": "687612c34a4bd83cdcc3bc22",
    "name": "cli_task",
    "projectType": "FILEUPLOAD",
    "organizationUid": "blt8ca9ce72e25d0172",
    "environments": [
      {
        "uid": "6876145be7ee499da7ce068d",
        "name": "test",
        "frameworkPreset": "NEXTJS",
        "__typename": "Environment"
      }
    ],
    "__typename": "Project",
    "deployments": [
      {},
      {
        "uid": "68762190e7ee499da7ce2070",
        "status": "QUEUED",
        "createdAt": "2025-07-15T09:38:24.509Z",
        "updatedAt": "2025-07-15T09:38:24.509Z",
        "commitMessage": "Triggered By File Upload",
        "deploymentUrl": "clitask-test.devcontentstackapps.com",
        "__typename": "Deployment"
      }
    ]
  }
}